{"xgb_0": 0.785508394241333, "xgb_1": 0.790198802947998, "xgb_2": 0.814087986946106, "xgb_3": 0.7817219495773315, "xgb_4": 0.7847469449043274, "xgb_5": 0.7834399938583374, "xgb_6": 0.7842576503753662, "xgb_7": 0.7847151160240173, "xgb_8": 0.7836368680000305, "xgb_9": 0.7816237211227417}